緯度,経度,コースコード,配達順,地点名,住所
35.6928139,139.7783729,C001,1,,
35.6943637,139.7793771,C001,2,,
35.6955297,139.7807394,C001,3,,
35.697337,139.7821565,C001,4,,
35.6987404,139.7828551,C001,5,,
35.7003929,139.7842555,C001,6,,
35.7018412,139.7855598,C001,7,,
35.7033018,139.7865318,C001,8,,
35.7047101,139.7877202,C001,9,,
35.7062063,139.7888575,C001,10,,
35.7078985,139.7902905,C001,11,,
35.7091084,139.7917905,C001,12,,
35.7105343,139.7925911,C001,13,,
35.7121907,139.7937675,C001,14,,
35.7135991,139.7950318,C001,15,,
35.7150924,139.7966219,C001,16,,
35.7169863,139.797597,C001,17,,
35.718531,139.7988695,C001,18,,
35.7194614,139.8002145,C001,19,,
35.7209529,139.8012032,C001,20,,
35.7226338,139.8023335,C001,21,,
35.7245356,139.8033155,C001,22,,
35.7256504,139.8049189,C001,23,,
35.7271788,139.80597,C001,24,,
35.7287568,139.8070885,C001,25,,
35.7300294,139.8084891,C001,26,,
35.7314386,139.809525,C001,27,,
35.7331614,139.8105029,C001,28,,
35.7345679,139.8121467,C001,29,,
35.7365195,139.8133118,C001,30,,
35.7377368,139.814185,C001,31,,
35.7395332,139.8156097,C001,32,,
35.7407127,139.817023,C001,33,,
35.7422828,139.8181623,C001,34,,
35.7437426,139.8188811,C001,35,,
35.7449804,139.8203947,C001,36,,
35.7469762,139.8216697,C001,37,,
35.7480047,139.8229261,C001,38,,
35.7496602,139.8239201,C001,39,,
35.7512305,139.8249508,C001,40,,
35.7527275,139.8264193,C001,41,,
35.7539477,139.8276184,C001,42,,
35.755894,139.8284672,C001,43,,
35.7571926,139.8300623,C001,44,,
35.758892,139.8311624,C001,45,,
35.7605313,139.8322333,C001,46,,
35.7618541,139.8334145,C001,47,,
35.7629868,139.834783,C001,48,,
35.7647074,139.8362028,C001,49,,
35.7661871,139.8371458,C001,50,,
35.7025869,139.7880414,C002,1,,
35.704495,139.7896482,C002,2,,
35.7059287,139.7905443,C002,3,,
35.7071132,139.7919708,C002,4,,
35.7089759,139.7933289,C002,5,,
35.710238,139.7940309,C002,6,,
35.7119608,139.7954948,C002,7,,
35.7133003,139.7965207,C002,8,,
35.7149692,139.797627,C002,9,,
35.7163085,139.7990901,C002,10,,
35.7180189,139.8005575,C002,11,,
35.719283,139.8017815,C002,12,,
35.7205257,139.802629,C002,13,,
35.722288,139.8041475,C002,14,,
35.7239412,139.8051359,C002,15,,
35.7253496,139.8063264,C002,16,,
35.7265168,139.8077747,C002,17,,
35.7280044,139.8086797,C002,18,,
35.7294764,139.8101088,C002,19,,
35.7312639,139.8110432,C002,20,,
35.7326444,139.8126247,C002,21,,
35.7345025,139.813459,C002,22,,
35.7357975,139.8146463,C002,23,,
35.7372495,139.8159347,C002,24,,
35.738799,139.8172137,C002,25,,
35.7403087,139.8182141,C002,26,,
35.7419379,139.8192763,C002,27,,
35.7433629,139.8209504,C002,28,,
35.7450274,139.8216675,C002,29,,
35.7461492,139.822878,C002,30,,
35.7478641,139.8245209,C002,31,,
35.7491541,139.8252843,C002,32,,
35.7506405,139.8265582,C002,33,,
35.7521668,139.8276718,C002,34,,
35.7537495,139.8294079,C002,35,,
35.7552489,139.8303407,C002,36,,
35.7565307,139.8317164,C002,37,,
35.7579919,139.8327682,C002,38,,
35.760003,139.8340357,C002,39,,
35.7613282,139.8348321,C002,40,,
35.7625253,139.8366198,C002,41,,
35.7643511,139.837499,C002,42,,
35.7657477,139.8386178,C002,43,,
35.7673154,139.8398896,C002,44,,
35.7688496,139.8412455,C002,45,,
35.7701905,139.8422601,C002,46,,
35.7720239,139.8437272,C002,47,,
35.7730012,139.8449057,C002,48,,
35.7747225,139.845894,C002,49,,
35.7762106,139.8469726,C002,50,,
35.7126128,139.798539,C003,1,,
35.7142226,139.7992849,C003,2,,
35.7159356,139.8008645,C003,3,,
35.7171379,139.8016932,C003,4,,
35.718905,139.8029808,C003,5,,
35.7203183,139.8045556,C003,6,,
35.7219902,139.8053193,C003,7,,
35.7232041,139.8065424,C003,8,,
35.7248753,139.8080881,C003,9,,
35.7265338,139.8092265,C003,10,,
35.7279176,139.8102543,C003,11,,
35.7295037,139.8113635,C003,12,,
35.7306988,139.8124743,C003,13,,
35.7322938,139.8137443,C003,14,,
35.7338533,139.8149699,C003,15,,
35.7354154,139.8165063,C003,16,,
35.7369491,139.8172422,C003,17,,
35.7379374,139.8188101,C003,18,,
35.739489,139.819808,C003,19,,
35.7415281,139.8208268,C003,20,,
35.7425406,139.822608,C003,21,,
35.7441798,139.8232541,C003,22,,
35.7460256,139.8245078,C003,23,,
35.7470772,139.8259231,C003,24,,
35.7485923,139.8272331,C003,25,,
35.7500019,139.8284552,C003,26,,
35.7514783,139.8292538,C003,27,,
35.753219,139.8309252,C003,28,,
35.7548685,139.8322005,C003,29,,
35.7563985,139.8330284,C003,30,,
35.7577107,139.8340822,C003,31,,
35.7593761,139.8353774,C003,32,,
35.760974,139.8366173,C003,33,,
35.7623665,139.837895,C003,34,,
35.763685,139.8391418,C003,35,,
35.7652465,139.8404636,C003,36,,
35.7666549,139.8412494,C003,37,,
35.7682871,139.8425238,C003,38,,
35.7696037,139.8437439,C003,39,,
35.7713816,139.8449312,C003,40,,
35.7726575,139.8464078,C003,41,,
35.7740283,139.8475549,C003,42,,
35.7759995,139.8489341,C003,43,,
35.7774923,139.8500552,C003,44,,
35.7784885,139.850908,C003,45,,
35.7799427,139.8526022,C003,46,,
35.7816756,139.8535426,C003,47,,
35.7830645,139.8547547,C003,48,,
35.7846043,139.856186,C003,49,,
35.7862705,139.8574004,C003,50,,
35.7229486,139.8082041,C004,1,,
35.7241364,139.8096046,C004,2,,
35.7258975,139.810436,C004,3,,
35.7274414,139.8117201,C004,4,,
35.7284724,139.8131363,C004,5,,
35.7299404,139.814329,C004,6,,
35.7316547,139.8152757,C004,7,,
35.7334318,139.816942,C004,8,,
35.7347666,139.8179598,C004,9,,
35.736284,139.8193957,C004,10,,
35.737503,139.8201588,C004,11,,
35.7389435,139.8216839,C004,12,,
35.7407733,139.8224681,C004,13,,
35.7423932,139.824003,C004,14,,
35.7439582,139.8252356,C004,15,,
35.7450959,139.8263547,C004,16,,
35.7469868,139.8274236,C004,17,,
35.7484863,139.8288859,C004,18,,
35.7496037,139.8300639,C004,19,,
35.7512359,139.8313101,C004,20,,
35.7528693,139.8321466,C004,21,,
35.7540671,139.8335745,C004,22,,
35.7556544,139.8347242,C004,23,,
35.7572726,139.8356869,C004,24,,
35.7587627,139.8371541,C004,25,,
35.7602438,139.8386202,C004,26,,
35.7618839,139.839336,C004,27,,
35.7630702,139.8406075,C004,28,,
35.7649783,139.8420569,C004,29,,
35.766162,139.8430574,C004,30,,
35.7677477,139.8444117,C004,31,,
35.7693707,139.8454966,C004,32,,
35.7707402,139.8469697,C004,33,,
35.7723771,139.8480812,C004,34,,
35.773481,139.8488258,C004,35,,
35.7750842,139.8501852,C004,36,,
35.7769171,139.8516634,C004,37,,
35.7782249,139.8528198,C004,38,,
35.7797216,139.8540071,C004,39,,
35.7813019,139.8554115,C004,40,,
35.7829214,139.856141,C004,41,,
35.7839704,139.8577725,C004,42,,
35.7859936,139.8587614,C004,43,,
35.7874364,139.8596712,C004,44,,
35.7888118,139.8608853,C004,45,,
35.790118,139.8624757,C004,46,,
35.7918037,139.8637775,C004,47,,
35.7934653,139.8644829,C004,48,,
35.794769,139.8659995,C004,49,,
35.796407,139.8668927,C004,50,,
35.7327503,139.8185202,C005,1,,
35.7344047,139.8194501,C005,2,,
35.73569,139.8209392,C005,3,,
35.7371561,139.8218323,C005,4,,
35.7387673,139.8231313,C005,5,,
35.7400006,139.8242391,C005,6,,
35.7419367,139.8254481,C005,7,,
35.7431316,139.8269156,C005,8,,
35.7446247,139.8280603,C005,9,,
35.7462659,139.8290497,C005,10,,
35.7476338,139.8304386,C005,11,,
35.7495142,139.8316159,C005,12,,
35.7506145,139.832427,C005,13,,
35.7519865,139.8336359,C005,14,,
35.753994,139.8352735,C005,15,,
35.7549818,139.8360458,C005,16,,
35.7569848,139.8373311,C005,17,,
35.7580427,139.8385634,C005,18,,
35.759827,139.8397772,C005,19,,
35.7614909,139.8409308,C005,20,,
35.7629958,139.8425991,C005,21,,
35.7640294,139.8435079,C005,22,,
35.7655351,139.844923,C005,23,,
35.7675235,139.8460256,C005,24,,
35.768557,139.8469705,C005,25,,
35.7704091,139.8484924,C005,26,,
35.7717556,139.849372,C005,27,,
35.773288,139.8506846,C005,28,,
35.7746239,139.8517556,C005,29,,
35.7759448,139.8530168,C005,30,,
35.7778082,139.8542639,C005,31,,
35.7795147,139.8553096,C005,32,,
35.7808671,139.8568303,C005,33,,
35.782073,139.8582191,C005,34,,
35.7836226,139.8590365,C005,35,,
35.7849394,139.8602515,C005,36,,
35.7865773,139.8613751,C005,37,,
35.7882241,139.862946,C005,38,,
35.7899035,139.8639384,C005,39,,
35.7914606,139.8649643,C005,40,,
35.7929235,139.8662711,C005,41,,
35.7942769,139.8672699,C005,42,,
35.7954394,139.8685076,C005,43,,
35.7973396,139.8701529,C005,44,,
35.7989653,139.8710211,C005,45,,
35.8000645,139.8724299,C005,46,,
35.8019561,139.8734716,C005,47,,
35.8032125,139.8749494,C005,48,,
35.8046402,139.8760386,C005,49,,
35.8059505,139.8773879,C005,50,,
35.7427109,139.8284299,C006,1,,
35.7440656,139.8292254,C006,2,,
35.74592,139.8306917,C006,3,,
35.747365,139.8316456,C006,4,,
35.7487298,139.832991,C006,5,,
35.7502448,139.8342939,C006,6,,
35.7515739,139.8357371,C006,7,,
35.7531609,139.8365154,C006,8,,
35.7549961,139.8380724,C006,9,,
35.7560289,139.8390746,C006,10,,
35.7579957,139.8405827,C006,11,,
35.759277,139.8415716,C006,12,,
35.7605187,139.8429882,C006,13,,
35.762484,139.8442021,C006,14,,
35.7635103,139.8449221,C006,15,,
35.7650996,139.8461359,C006,16,,
35.7665549,139.8477204,C006,17,,
35.7680044,139.8486351,C006,18,,
35.7700156,139.8501303,C006,19,,
35.7710775,139.8511888,C006,20,,
35.7726404,139.8525715,C006,21,,
35.7742931,139.8535276,C006,22,,
35.7758315,139.854666,C006,23,,
35.777095,139.8556884,C006,24,,
35.7789443,139.8573024,C006,25,,
35.7804888,139.8583818,C006,26,,
35.7819159,139.8595286,C006,27,,
35.7832474,139.8610066,C006,28,,
35.7845869,139.8620565,C006,29,,
35.7860694,139.8629242,C006,30,,
35.7877603,139.8645539,C006,31,,
35.7890893,139.8657089,C006,32,,
35.7908672,139.8669103,C006,33,,
35.7920169,139.867853,C006,34,,
35.7937974,139.8693439,C006,35,,
35.7955313,139.8701181,C006,36,,
35.7968883,139.871792,C006,37,,
35.7981382,139.8729844,C006,38,,
35.799641,139.8736257,C006,39,,
35.8010096,139.8748478,C006,40,,
35.8027946,139.8764323,C006,41,,
35.8039999,139.8772461,C006,42,,
35.8054723,139.8790103,C006,43,,
35.8069934,139.8800665,C006,44,,
35.8086173,139.8811813,C006,45,,
35.8103738,139.8820556,C006,46,,
35.8115056,139.88333,C006,47,,
35.813525,139.8846796,C006,48,,
35.8147181,139.8859307,C006,49,,
35.8161932,139.8871779,C006,50,,
35.7524744,139.8381135,C007,1,,
35.7544298,139.8394203,C007,2,,
35.7559959,139.8409357,C007,3,,
35.7571439,139.8418118,C007,4,,
35.7587364,139.8431603,C007,5,,
35.7603751,139.8445941,C007,6,,
35.7618592,139.845472,C007,7,,
35.7632104,139.8465447,C007,8,,
35.7650103,139.8481616,C007,9,,
35.766047,139.8493491,C007,10,,
35.7675433,139.8504237,C007,11,,
35.7693863,139.8515027,C007,12,,
35.770949,139.8527939,C007,13,,
35.7721983,139.8540989,C007,14,,
35.7735698,139.8551926,C007,15,,
35.7754543,139.8563873,C007,16,,
35.7769263,139.8575896,C007,17,,
35.7779554,139.8584831,C007,18,,
35.7797357,139.8598392,C007,19,,
35.7813604,139.8612423,C007,20,,
35.7824449,139.8623557,C007,21,,
35.7841044,139.863504,C007,22,,
35.7859163,139.8646962,C007,23,,
35.7872375,139.8660621,C007,24,,
35.788603,139.8669294,C007,25,,
35.7904124,139.8685465,C007,26,,
35.7917276,139.8695667,C007,27,,
35.7933764,139.8705944,C007,28,,
35.794995,139.8717299,C007,29,,
35.7960729,139.8730239,C007,30,,
35.7978704,139.8746242,C007,31,,
35.7990263,139.875547,C007,32,,
35.8007093,139.8767705,C007,33,,
35.8021548,139.8777115,C007,34,,
35.8037089,139.8788958,C007,35,,
35.8051628,139.8804621,C007,36,,
35.8066696,139.881399,C007,37,,
35.8085155,139.882746,C007,38,,
35.8094669,139.8836727,C007,39,,
35.811376,139.8850297,C007,40,,
35.812741,139.8863008,C007,41,,
35.8143516,139.8877237,C007,42,,
35.8158706,139.8889136,C007,43,,
35.817521,139.8897663,C007,44,,
35.8185001,139.8911117,C007,45,,
35.8203794,139.8921269,C007,46,,
35.8214918,139.8936248,C007,47,,
35.8231485,139.8948985,C007,48,,
35.8249176,139.8960807,C007,49,,
35.8261161,139.8972373,C007,50,,
35.7630215,139.8486025,C008,1,,
35.7640411,139.8496133,C008,2,,
35.7657171,139.8510138,C008,3,,
35.7674895,139.8518896,C008,4,,
35.7686275,139.8534222,C008,5,,
35.7705249,139.8542853,C008,6,,
35.7716098,139.855738,C008,7,,
35.7731171,139.8569973,C008,8,,
35.7745548,139.8577752,C008,9,,
35.7761041,139.8588289,C008,10,,
35.7776761,139.8601626,C008,11,,
35.7792926,139.8613324,C008,12,,
35.7809381,139.8626523,C008,13,,
35.7820697,139.8638315,C008,14,,
35.7837528,139.8650131,C008,15,,
35.785032,139.8666213,C008,16,,
35.7866679,139.8672769,C008,17,,
35.7879779,139.8686182,C008,18,,
35.7895976,139.8697824,C008,19,,
35.7911565,139.8710436,C008,20,,
35.7928384,139.8725815,C008,21,,
35.7939767,139.8734363,C008,22,,
35.7959646,139.8748751,C008,23,,
35.7973821,139.875935,C008,24,,
35.7988228,139.8769698,C008,25,,
35.8000125,139.8783336,C008,26,,
35.8015677,139.8794599,C008,27,,
35.8034347,139.8807175,C008,28,,
35.804601,139.8820078,C008,29,,
35.8059884,139.8828916,C008,30,,
35.8076953,139.8844849,C008,31,,
35.8094889,139.8856873,C008,32,,
35.810496,139.8869968,C008,33,,
35.8123294,139.8880938,C008,34,,
35.8135167,139.8891126,C008,35,,
35.815131,139.8904292,C008,36,,
35.8166909,139.8914454,C008,37,,
35.8184645,139.8926845,C008,38,,
35.8198859,139.8938372,C008,39,,
35.8211445,139.8953667,C008,40,,
35.8227815,139.8960529,C008,41,,
35.823971,139.8973265,C008,42,,
35.8259545,139.8987948,C008,43,,
35.827365,139.9001557,C008,44,,
35.8285726,139.9010991,C008,45,,
35.8299599,139.9022846,C008,46,,
35.8317977,139.903706,C008,47,,
35.8330597,139.9044287,C008,48,,
35.8345082,139.9060735,C008,49,,
35.836,139.9072888,C008,50,,
35.7728813,139.858245,C009,1,,
35.7740127,139.8593115,C009,2,,
35.7759653,139.8604941,C009,3,,
35.7774282,139.8617305,C009,4,,
35.778999,139.8633604,C009,5,,
35.7802819,139.8643808,C009,6,,
35.7817745,139.8658102,C009,7,,
35.7833016,139.8665709,C009,8,,
35.7848418,139.8679116,C009,9,,
35.7862011,139.8690928,C009,10,,
35.7878774,139.8702318,C009,11,,
35.7890169,139.8712635,C009,12,,
35.7906279,139.8724639,C009,13,,
35.7921214,139.8737315,C009,14,,
35.7939736,139.8753263,C009,15,,
35.7951721,139.8764164,C009,16,,
35.7966014,139.8777655,C009,17,,
35.7979922,139.8787644,C009,18,,
35.799723,139.8801328,C009,19,,
35.8012944,139.8808607,C009,20,,
35.8026948,139.8824743,C009,21,,
35.8043963,139.8836089,C009,22,,
35.8059106,139.8846469,C009,23,,
35.8074677,139.8860428,C009,24,,
35.8084729,139.8868587,C009,25,,
35.8101268,139.8884523,C009,26,,
35.811706,139.8893817,C009,27,,
35.8130455,139.890901,C009,28,,
35.8149707,139.8917967,C009,29,,
35.8159428,139.8931788,C009,30,,
35.8177139,139.8945222,C009,31,,
35.8193508,139.895356,C009,32,,
35.8206411,139.8965949,C009,33,,
35.8219408,139.8979785,C009,34,,
35.8239383,139.8991664,C009,35,,
35.8249596,139.9002985,C009,36,,
35.8268122,139.9017237,C009,37,,
35.8281986,139.9025309,C009,38,,
35.8295487,139.9041365,C009,39,,
35.831499,139.9054158,C009,40,,
35.8327022,139.9062337,C009,41,,
35.8345176,139.9076959,C009,42,,
35.8356154,139.9087548,C009,43,,
35.8373694,139.9098969,C009,44,,
35.8387985,139.9113392,C009,45,,
35.8405219,139.912279,C009,46,,
35.841682,139.9136042,C009,47,,
35.8430711,139.914843,C009,48,,
35.8444478,139.9159776,C009,49,,
35.8464563,139.9172528,C009,50,,
35.7826862,139.8680769,C010,1,,
35.7843183,139.8697042,C010,2,,
35.7856922,139.87045,C010,3,,
35.7871976,139.8719381,C010,4,,
35.7885068,139.8730902,C010,5,,
35.7901885,139.8745311,C010,6,,
35.7918019,139.8757214,C010,7,,
35.7929573,139.8765913,C010,8,,
35.7944561,139.8779716,C010,9,,
35.7964286,139.8793104,C010,10,,
35.7977334,139.8805572,C010,11,,
35.7994538,139.8817328,C010,12,,
35.8006646,139.8825404,C010,13,,
35.802449,139.8836921,C010,14,,
35.8034838,139.8848959,C010,15,,
35.8053548,139.8861658,C010,16,,
35.8068922,139.8877858,C010,17,,
35.8084318,139.8886389,C010,18,,
35.8097508,139.8901962,C010,19,,
35.8113294,139.8911599,C010,20,,
35.8126531,139.8922354,C010,21,,
35.8143118,139.8932303,C010,22,,
35.815483,139.8946256,C010,23,,
35.8174903,139.8959402,C010,24,,
35.8189733,139.8971503,C010,25,,
35.8200468,139.8984485,C010,26,,
35.822033,139.8993808,C010,27,,
35.8231894,139.9005545,C010,28,,
35.8244702,139.9017386,C010,29,,
35.8261317,139.903316,C010,30,,
35.827531,139.9046223,C010,31,,
35.8292105,139.9053709,C010,32,,
35.8307689,139.9069566,C010,33,,
35.8321458,139.9081016,C010,34,,
35.8339345,139.9088497,C010,35,,
35.8352678,139.9100379,C010,36,,
35.8364472,139.9114161,C010,37,,
35.8380088,139.9129443,C010,38,,
35.8394853,139.9139095,C010,39,,
35.8414722,139.9154203,C010,40,,
35.842919,139.9163497,C010,41,,
35.8442158,139.9173461,C010,42,,
35.8458884,139.9186107,C010,43,,
35.8472012,139.9199695,C010,44,,
35.8489152,139.9213385,C010,45,,
35.8504173,139.9223306,C010,46,,
35.8518954,139.9232909,C010,47,,
35.8535275,139.9245721,C010,48,,
35.8547776,139.9261998,C010,49,,
35.8561284,139.9272193,C010,50,,
